{
  "random_forest": {
    "accuracy": 0.9234,
    "precision_weighted": 0.9175,
    "recall_weighted": 0.9234,
    "f1_weighted": 0.9187
  },
  "logistic_regression": {
    "accuracy": 0.9156,
    "precision_weighted": 0.908,
    "recall_weighted": 0.9156,
    "f1_weighted": 0.9087
  },
  "rf_confusion_matrix": [
    [
      759,
      20,
      0
    ],
    [
      48,
      73,
      0
    ],
    [
      0,
      1,
      0
    ]
  ],
  "lr_confusion_matrix": [
    [
      760,
      19,
      0
    ],
    [
      56,
      65,
      0
    ],
    [
      0,
      1,
      0
    ]
  ],
  "classification_report_rf": {
    "Fatal": {
      "precision": 0.0,
      "recall": 0.0,
      "f1-score": 0.0,
      "support": 1.0
    },
    "Minor": {
      "precision": 0.9405204460966543,
      "recall": 0.9743260590500642,
      "f1-score": 0.957124842370744,
      "support": 779.0
    },
    "Serious": {
      "precision": 0.776595744680851,
      "recall": 0.6033057851239669,
      "f1-score": 0.6790697674418604,
      "support": 121.0
    },
    "accuracy": 0.9234184239733629,
    "macro avg": {
      "precision": 0.5723720635925017,
      "recall": 0.5258772813913437,
      "f1-score": 0.5453982032708682,
      "support": 901.0
    },
    "weighted avg": {
      "precision": 0.9174622781528043,
      "recall": 0.9234184239733629,
      "f1-score": 0.9187210810957545,
      "support": 901.0
    }
  }
}